,gx,gxx,gxy,gxz,gy,gyy,gyz,gz,gzz,pot,height
0,0.0,-0.3507583459362631,0.0,0.0,0.0,-0.3507583459362631,0.0,223.78863009667518,0.7015166918725262,14278.02119059111,2000.0
1,0.0,-0.3494422091014167,0.0,0.0,0.0,-0.3494422091014167,0.0,223.22847053224967,0.6988844182028334,14260.140520604738,10000.0
2,0.0,-0.3429593553844912,0.0,0.0,0.0,-0.3429593553844912,0.0,220.4589721843197,0.6859187107689824,14171.404760799962,50000.0
3,0.0,-0.32743888035906404,0.0,0.0,0.0,-0.32743888035906404,0.0,213.75658701105792,0.6548777607181281,13954.322846606066,150000.0
4,0.0,-0.31142924488188406,0.0,0.0,0.0,-0.31142924488188406,0.0,206.73099933324954,0.6228584897637681,13723.086957210191,260000.0
